{
  "evidence": {},
  "posteriors": {
    "operators": 0.21,
    "local_hmi": 0.95735,
    "scada": 0.945408,
    "industrial_network": 0.769586,
    "plc_1": 0.382818,
    "plc_2": 0.382818,
    "sensors_actuators_1": 0.333683,
    "sensors_actuators_2": 0.333683,
    "physical_process": 0.372572,
    "historian": 0.236937,
    "automation_engineers": 0.146459
  }
}